Book Id,Title,Author,Author l-f,Additional Authors,ISBN,ISBN13,My Rating,Average Rating,Publisher,Binding,Number of Pages,Year Published,Original Publication Year,Date Read,Date Added,Bookshelves,Bookshelves with positions,Exclusive Shelf,My Review,Spoiler,Private Notes,Read Count,Recommended For,Recommended By,Owned Copies,Original Purchase Date,Original Purchase Location,Condition,Condition Description,BCID
43082075,Alter,Jeremy Robinson,"Robinson, Jeremy",,"=""""","=""""",0,4.20,Breakneck Media,Kindle Edition,,2018,,,2019/07/26,currently-reading,currently-reading (#1),currently-reading,,,,1,,,0,,,,,
37903770,Norse Mythology,Neil Gaiman,"Gaiman, Neil",,"=""0393356183""","=""9780393356182""",3,4.09,W. W. Norton & Company,Paperback,301,2018,2017,,2019/07/26,,,read,,,,1,,,0,,,,,
10552338,Reamde,Neal Stephenson,"Stephenson, Neal",,"=""0061977969""","=""9780061977961""",3,3.97,William Morrow,Hardcover,1044,2011,2011,2019/07/24,2019/07/13,,,read,,,,1,,,0,,,,,
11607,The Running Man,Richard Bachman,"Bachman, Richard",Stephen King,"=""0451197968""","=""9780451197962""",4,3.86,Signet,Paperback,317,1999,1982,2019/07/13,2019/07/09,,,read,,,,1,,,0,,,,,
11527504,A Little History of Philosophy,Nigel Warburton,"Warburton, Nigel",,"=""0300152086""","=""9780300152081""",5,4.12,Yale University Press,Hardcover,252,2011,2011,2019/07/12,2019/07/08,,,read,,,,1,,,0,,,,,
23995360,Superforecasting: The Art and Science of Prediction,Philip E. Tetlock,"Tetlock, Philip E.",Dan Gardner,"=""0804136696""","=""9780804136693""",5,4.09,Crown,Hardcover,352,2015,2015,2019/07/08,2019/07/05,,,read,,,,1,,,0,,,,,
12974372,"A Natural History of Dragons (The Memoirs of Lady Trent, #1)",Marie Brennan,"Brennan, Marie",,"=""0765331969""","=""9780765331960""",3,3.84,Tor Books,Hardcover,334,2013,2013,2019/07/05,2019/07/02,,,read,,,,2,,,0,,,,,
40389527,The Woman in the Window,A.J. Finn,"Finn, A.J.",,"=""""","=""""",5,3.94,William Morrow,Kindle Edition,449,2018,2018,,2019/07/02,,,read,,,,1,,,0,,,,,
36124936,The Outsider,Stephen King,"King, Stephen",,"=""1501180983""","=""9781501180989""",3,4.02,Scribner,Hardcover,561,2018,2018,2019/07/02,2019/06/25,,,read,,,,1,,,0,,,,,
42046112,Recursion,Blake Crouch,"Crouch, Blake",,"=""1524759783""","=""9781524759780""",4,4.26,Crown Publishing Group (NY),Hardcover,329,2019,2019,2019/07/02,2019/06/12,,,read,,,,1,,,0,,,,,
41160292,Exhalation: Stories,Ted Chiang,"Chiang, Ted",,"=""""","=""""",5,4.38,Knopf,Kindle Edition,352,2019,2019,,2019/06/25,,,read,,,,1,,,0,,,,,
18630,"The Player of Games (Culture, #2)",Iain M. Banks,"Banks, Iain M.",,"=""0061053562""","=""9780061053566""",4,4.27,HarperPrism,Paperback,293,1997,1988,2019/06/23,2019/06/01,,,read,,,,1,,,0,,,,,
46146065,"All Gifts, Bestowed: An Artificial Intelligence Thriller",Joshua Gayou,"Gayou, Joshua",,"=""""","=""""",3,3.82,Aethon Books,Kindle Edition,428,2019,,,2019/06/23,,,read,,,,1,,,0,,,,,
35429993,"Fall, or Dodge in Hell",Neal Stephenson,"Stephenson, Neal",,"=""0062458736""","=""9780062458735""",3,3.67,William Morrow & Co,ebook,896,2019,2019,2019/06/12,2019/06/11,,,read,,,,1,,,0,,,,,
40376072,Children of Ruin (Children of Time #2),Adrian Tchaikovsky,"Tchaikovsky, Adrian",,"=""""","=""""",5,4.18,Macmillan Digital Audio,Audible Audio,,2019,2019,2019/06/03,2019/05/31,,,read,,,,1,,,0,,,,,
20926278,Revival,Stephen King,"King, Stephen",,"=""1476770387""","=""9781476770383""",3,3.76,Scribner Book Company,Hardcover,405,2014,2014,,2019/05/31,,,read,,,,1,,,0,,,,,
34066798,A Gentleman in Moscow,Amor Towles,"Towles, Amor",,"=""0143110438""","=""9780143110439""",5,4.36,Penguin Books,Paperback,496,2019,2016,,2019/05/28,,,read,,,,1,,,0,,,,,
29751398,The Power,Naomi Alderman,"Alderman, Naomi",,"=""0670919985""","=""9780670919987""",5,3.85,Viking,Hardcover,341,2017,2016,2019/05/25,2019/05/21,,,read,,,,1,,,0,,,,,
36896898,Spinning Silver,Naomi Novik,"Novik, Naomi",,"=""""","=""""",4,4.27,Del Rey,Kindle Edition,480,2018,2018,,2019/05/20,,,read,,,,1,,,0,,,,,
2213661,The Graveyard Book,Neil Gaiman,"Gaiman, Neil","Dave McKean, Nīls Geimens","=""0060530928""","=""9780060530921""",4,4.13,HarperCollins,Hardcover,307,2008,2008,,2019/05/21,,,read,,,,1,,,0,,,,,
59924,The Lathe of Heaven,Ursula K. Le Guin,"Guin, Ursula K. Le",,"=""0060512741""","=""9780060512743""",5,4.11,Harper Perennial Modern Classics,Paperback,176,2003,1971,,2019/05/20,,,read,,,,1,,,0,,,,,
28962996,Six Wakes,Mur Lafferty,"Lafferty, Mur",,"=""0316389684""","=""9780316389686""",5,3.84,Orbit,Paperback,364,2017,2017,,2019/05/20,,,read,,,,1,,,0,,,,,
11573,The Dead Zone,Stephen King,"King, Stephen",,"=""0451155750""","=""9780451155757""",4,3.92,Signet/New American Library,Mass Market Paperback,402,1980,1979,,2019/05/20,,,read,,,,1,,,0,,,,,
39776179,"Dune (Dune Chronicles, #1)",Frank Herbert,"Herbert, Frank",,"=""0441013597""","=""9780441013593""",4,4.22,Ace Books,Paperback,687,2005,1965,,2019/04/24,,,read,,,,1,,,0,,,,,
38530946,The Incomplete Book of Running,Peter Sagal,"Sagal, Peter",,"=""1451696248""","=""9781451696240""",5,3.87,Simon  Schuster,Hardcover,197,2018,2018,,2019/04/24,,,read,,,,1,,,0,,,,,
28819821,Lost Gods,Brom,"Brom, Brom",,"=""0062095706""","=""9780062095701""",5,4.18,Harper Voyager,ebook,496,2016,2016,,2019/04/24,,,read,,,,1,,,0,,,,,
7519231,"All Clear (All Clear, #2)",Connie Willis,"Willis, Connie",,"=""0553807676""","=""9780553807677""",3,4.06,Spectra,Hardcover,656,2010,2010,,2019/04/24,,,read,,,,1,,,0,,,,,
6506307,"Blackout (All Clear, #1)",Connie Willis,"Willis, Connie",,"=""0553803190""","=""9780553803198""",2,3.83,Spectra Books,Paperback,610,2010,2010,2019/04/24,2019/03/14,,,read,,,,1,,,0,,,,,
18774964,A Man Called Ove,Fredrik Backman,"Backman, Fredrik",Henning Koch,"=""1476738017""","=""9781476738017""",3,4.36,Atria Books,Hardcover,337,2014,2012,,2019/03/14,,,read,,,,1,,,0,,,,,
164154,"A Canticle for Leibowitz (St. Leibowitz, #1)",Walter M. Miller Jr.,"Jr., Walter M. Miller",Mary Doria Russell,"=""0060892994""","=""9780060892999""",5,3.98,HarperCollins EOS,Paperback,334,2006,1959,,2019/03/12,,,read,,,,1,,,0,,,,,
34963438,The Age of Agile: How Smart Companies Are Transforming the Way Work Gets Done,Stephen Denning,"Denning, Stephen",,"=""0814439098""","=""9780814439098""",5,3.86,AMACOM,Hardcover,336,2018,2018,,2019/03/08,,,read,,,,1,,,0,,,,,
1618,The Curious Incident of the Dog in the Night-Time,Mark Haddon,"Haddon, Mark",,"=""1400032717""","=""9781400032716""",4,3.87,Vintage,Paperback,226,2004,2003,,2019/03/08,,,read,,,,1,,,0,,,,,
816,Cryptonomicon,Neal Stephenson,"Stephenson, Neal",,"=""0060512806""","=""9780060512804""",3,4.25,Avon,Paperback,1139,2002,1999,2019/03/08,2019/02/14,,,read,,,,1,,,0,,,,,
39927096,Less,Andrew Sean Greer,"Greer, Andrew Sean",,"=""""","=""""",4,3.74,Lee Boudreaux Books,Kindle Edition,273,2017,2017,,2019/03/08,,,read,,,,1,,,0,,,,,
38355410,Elevation,Stephen King,"King, Stephen",Mark Edward Geyer,"=""1982102314""","=""9781982102319""",5,3.69,Scribner ,Hardcover,146,2018,2018,,2019/03/08,,,read,,,,1,,,0,,,,,
13526165,"Where'd You Go, Bernadette",Maria Semple,"Semple, Maria",,"=""0316204277""","=""9780316204279""",5,3.90,"Little, Brown and Company",Hardcover,330,2012,2012,,2019/02/14,,,read,,,,1,,,0,,,,,
16160797,"The Cuckoo's Calling (Cormoran Strike, #1)",Robert Galbraith,"Galbraith, Robert",J.K. Rowling,"=""0316206849""","=""9780316206846""",4,3.86,"Mulholland Books / Little, Brown and Company",Hardcover,455,2013,2013,,2019/02/11,,,read,,,,1,,,0,,,,,
39665673,"Finding Ultra, Revised and Updated Edition: Rejecting Middle Age, Becoming One of the World's Fittest Men, and Discovering Myself",Rich Roll,"Roll, Rich",,"=""0307952207""","=""9780307952202""",2,3.96,Penguin Random House,Paperback,400,2013,2012,2019/02/03,2019/01/23,,,read,,,,1,,,0,,,,,
7912007,"Full Dark, No Stars",Stephen King,"King, Stephen",,"=""1439192561""","=""9781439192566""",5,4.05,Scribner,Hardcover,368,2010,2010,2019/02/01,2019/01/27,,,read,,,,1,,,0,,,,,
6277039,On Writing: A Memoir of the Craft,Stephen King,"King, Stephen",,"=""""","=""""",0,4.33,Scribner,Kindle Edition,320,2000,2000,,2018/08/04,to-read,to-read (#7),to-read,,,,0,,,0,,,,,
32283133,"Origin (Robert Langdon, #5)",Dan Brown,"Brown, Dan",,"=""0385514239""","=""9780385514231""",4,3.85,Doubleday Books,Hardcover,461,2017,2015,2019/01/26,2019/01/23,,,read,,,,1,,,0,,,,,
29906980,Lincoln in the Bardo,George Saunders,"Saunders, George",,"=""0812995341""","=""9780812995343""",4,3.77,Random House,Hardcover,343,2017,2017,,2019/01/23,,,read,,,,1,,,0,,,,,
32075825,The Rise and Fall of D.O.D.O.,Neal Stephenson,"Stephenson, Neal",Nicole Galland,"=""0062409166""","=""9780062409164""",5,3.87,William Morrow,Hardcover,752,2017,2017,,2019/01/23,,,read,,,,1,,,0,,,,,
13538873,"Mr. Penumbra's 24-Hour Bookstore (Mr. Penumbra's 24-Hour Bookstore, #1)",Robin Sloan,"Sloan, Robin",,"=""0374214913""","=""9780374214913""",4,3.75,"Farrar, Straus and Giroux",Hardcover,288,2012,2012,,2019/01/23,,,read,,,,1,,,0,,,,,
10293025,Relentless Forward Progress: A Guide to Running Ultramarathons,Bryon Powell,"Powell, Bryon",Eric Grossman,"=""1891369903""","=""9781891369902""",3,3.94,Breakaway Books,Paperback,208,2011,2011,2019/01/23,2018/12/30,,,read,,,,1,,,0,,,,,
264007,"The Endless Knot (The Song of Albion, #3)",Stephen R. Lawhead,"Lawhead, Stephen R.",,"=""1595542213""","=""9781595542212""",3,4.17,Thomas Nelson,Paperback,439,2006,1991,,2019/01/23,,,read,,,,1,,,0,,,,,
33124137,Pet Sematary,Stephen King,"King, Stephen",,"=""""","=""""",5,3.97,Scribner,Kindle Edition,580,2014,1983,,2019/01/23,,,read,,,,1,,,0,,,,,
23500254,"The Power of Vulnerability: Teachings of Authenticity, Connections and Courage",Brené Brown,"Brown, Brené",,"=""""","=""""",5,4.63,Sounds True,Audible Audio,7,2013,2013,,2018/12/30,,,read,,,,1,,,0,,,,,
73930,"The Silver Hand (The Song of Albion, #2)",Stephen R. Lawhead,"Lawhead, Stephen R.",,"=""1595542205""","=""9781595542205""",3,4.23,WestBow Press,Paperback,448,2006,1991,2018/12/30,2018/12/30,,,read,,,,1,,,0,,,,,
43358408,Ball Lightning,Liu Cixin,"Cixin, Liu",,"=""""","=""""",3,3.84,Macmillan Audio,Audible Audio,,2018,2004,,2018/12/28,,,read,,,,1,,,0,,,,,
6289283,"Born to Run: A Hidden Tribe, Superathletes, and the Greatest Race the World Has Never Seen",Christopher McDougall,"McDougall, Christopher",,"=""0307266303""","=""9780307266309""",5,4.29,Knopf,Hardcover,287,2009,2009,,2018/12/28,,,read,,,,1,,,0,,,,,
12609433,The Power of Habit: Why We Do What We Do in Life and Business,Charles Duhigg,"Duhigg, Charles",,"=""1400069289""","=""9781400069286""",4,4.08,Random House,Hardcover,375,2012,2012,,2018/12/28,,,read,,,,1,,,0,,,,,
21,A Short History of Nearly Everything,Bill Bryson,"Bryson, Bill",,"=""076790818X""","=""9780767908184""",5,4.20,Broadway Books,Paperback,544,2004,2003,,2018/12/28,,,read,,,,1,,,0,,,,,
34800514,Ultra Marathon Man,Dean Karnazes,"Karnazes, Dean",,"=""2824608056""","=""9782824608051""",5,3.96,City Edition,Paperback,256,2016,2005,,2018/12/28,,,read,,,,1,,,0,,,,,
73932,"The Paradise War (The Song of Albion, #1)",Stephen R. Lawhead,"Lawhead, Stephen R.",,"=""1595542191""","=""9781595542199""",4,4.04,WestBow Press,Paperback,444,2006,1991,,2018/12/28,,,read,,,,1,,,0,,,,,
12067,"Good Omens: The Nice and Accurate Prophecies of Agnes Nutter, Witch",Terry Pratchett,"Pratchett, Terry",Neil Gaiman,"=""0060853980""","=""9780060853983""",4,4.25,William Morrow,Mass Market Paperback,412,2006,1990,,2018/12/28,,,read,,,,1,,,0,,,,,
13202092,Eat and Run: My Unlikely Journey to Ultramarathon Greatness,Scott Jurek,"Jurek, Scott",Steve Friedman,"=""0547569653""","=""9780547569659""",3,3.98,Houghton Mifflin Harcourt,Hardcover,272,2012,2012,,2018/12/28,,,read,,,,1,,,0,,,,,
2845024,Anathem,Neal Stephenson,"Stephenson, Neal",,"=""0061474096""","=""9780061474095""",5,4.19,William Morrow,Hardcover,937,2008,2008,,2013/09/17,,,read,,,,1,,,0,,,,,
88072,Agent to the Stars,John Scalzi,"Scalzi, John",,"=""1596060204""","=""9781596060203""",4,3.91,Subterranean Press,Hardcover,280,2005,2004,,2018/11/29,,,read,,,,1,,,0,,,,,
40806148,Johnny,D.J. Molles,"Molles, D.J.","Marc Vietor, Scott Aiello, Lauren Fortgang, Amanda Ronconi, Therese Plummer, Josh Hurley","=""""","=""""",3,3.77, Audible Studios,Audiobook,,2018,,,2018/11/29,,,read,,,,1,,,0,,,,,
256008,Lonesome Dove,Larry McMurtry,"McMurtry, Larry",,"=""067168390X""","=""9780671683900""",5,4.49,Pocket Books,Paperback,945,1999,1985,,2018/11/29,,,read,,,,1,,,0,,,,,
8191304,Things I Wish I'd Known Before We Got Married,Gary Chapman,"Chapman, Gary",,"=""0802481833""","=""9780802481832""",2,3.99,Northfield Publishing,Paperback,176,2010,2010,,2018/11/29,,,read,,,,1,,,0,,,,,
31675326,Ball Lightning,Liu Cixin,"Cixin, Liu",Joel Martinsen,"=""0765394081""","=""9780765394088""",4,3.84,Tor Books,ebook,352,2018,2004,,2018/11/29,,,read,,,,1,,,0,,,,,
32738672,Unfu*k Yourself: Get Out of Your Head and Into Your Life,Gary John Bishop,"Bishop, Gary John",,"=""""","=""""",4,3.84,,Kindle Edition,221,2016,2016,,2018/11/29,,,read,,,,1,,,0,,,,,
26891429,"The City of Mirrors (The Passage, #3)",Justin Cronin,"Cronin, Justin",,"=""034550500X""","=""9780345505002""",5,4.20,Ballantine Books,Hardcover,602,2016,2016,,2018/11/29,,,read,,,,1,,,0,,,,,
13281368,"The Twelve (The Passage, #2)",Justin Cronin,"Cronin, Justin",,"=""0345504984""","=""9780345504982""",4,4.00,The Random House Publishing Group,Hardcover,568,2012,2012,,2018/11/29,,,read,,,,1,,,0,,,,,
6690798,"The Passage (The Passage, #1)",Justin Cronin,"Cronin, Justin",,"=""0345504968""","=""9780345504968""",4,4.04,Ballantine Books,Hardcover,766,2010,2010,,2018/11/29,,,read,,,,1,,,0,,,,,
25076674,The Alchemist,Paulo Coelho,"Coelho, Paulo",,"=""""","=""""",0,3.85,HarperOne,Kindle Edition,178,2015,1988,2018/11/29,2018/10/29,,,read,,,,1,,,0,,,,,
18490567,"Lock In (Lock In, #1)",John Scalzi,"Scalzi, John",,"=""""","=""""",0,3.88,Tor Books,Kindle Edition,337,2014,2014,2018/10/29,2018/10/09,,,read,,,,1,,,0,,,,,
35066358,The First Fifteen Lives of Harry August,Claire North,"North, Claire",,"=""""","=""""",5,4.04,Redhook,Kindle Edition,417,2014,2014,,2018/09/15,,,read,,,,1,,,0,,,,,
18616975,"Off to Be the Wizard (Magic 2.0, #1)",Scott  Meyer,"Meyer, Scott",,"=""1612184715""","=""9781612184715""",4,3.98,47North,Paperback,373,2014,2013,,2018/09/10,,,read,,,,1,,,0,,,,,
25451264,Death's End (Remembrance of Earth’s Past #3),Liu Cixin,"Cixin, Liu",Ken Liu,"=""0765377101""","=""9780765377104""",5,4.44,TOR,Hardcover,604,2016,2010,,2018/09/05,,,read,,,,1,,,0,,,,,
23168817,"The Dark Forest (Remembrance of Earth’s Past, #2)",Liu Cixin,"Cixin, Liu",Joel Martinsen,"=""""","=""""",5,4.40,Tor Books,Hardcover,512,2015,2008,,2018/09/05,,,read,,,,1,,,0,,,,,
31817749,"The Stone Sky (The Broken Earth, #3)",N.K. Jemisin,"Jemisin, N.K.",,"=""0356508684""","=""9780356508689""",3,4.37,Orbit,Paperback,416,2017,2017,,2018/08/24,,,read,,,,1,,,0,,,,,
26228034,"The Obelisk Gate (The Broken Earth, #2)",N.K. Jemisin,"Jemisin, N.K.",,"=""0356508366""","=""9780356508368""",4,4.34,Orbit,Paperback,410,2016,2016,2018/08/22,2018/07/24,,,read,,,,1,,,0,,,,,
20518872,The Three-Body Problem (Remembrance of Earth’s Past #1),Liu Cixin,"Cixin, Liu","Cixin Liu, Ken Liu","=""0765377063""","=""9780765377067""",5,4.06,Tor Books,Hardcover,400,2014,2008,2018/08/20,2018/07/24,,,read,,,,1,,,0,,,,,
9531737,"The Wise Man's Fear (The Kingkiller Chronicle, #2)",Patrick Rothfuss,"Rothfuss, Patrick",,"=""""","=""""",4,4.58,Daw,Kindle Edition,1000,2011,2011,,2018/07/28,,,read,,,,1,,,0,,,,,
26138161,"How to Finish Your Dissertation in Six Months, Even if You Don't Know What to Write",Scott Rank,"Rank, Scott",,"=""""","=""""",3,3.86,Scholarpreneur Press,Kindle Edition,23,2015,2015,,2018/07/28,,,read,,,,1,,,0,,,,,
19161852,"The Fifth Season (The Broken Earth, #1)",N.K. Jemisin,"Jemisin, N.K.",,"=""""","=""""",4,4.32,Orbit,Paperback,468,2015,2015,,2018/07/24,,,read,,,,1,,,0,,,,,
33257757,"Iron Gold (Red Rising, #4)",Pierce Brown,"Brown, Pierce",,"=""042528591X""","=""9780425285916""",3,4.23,Del Rey Books,Hardcover,601,2018,2018,,2018/07/24,,,read,,,,1,,,0,,,,,
36282261,"Comrade Haldane Is Too Busy to Go on Holiday: JBS Haldane, Communism, and Espionage",Gavan Tredoux,"Tredoux, Gavan",,"=""1594039836""","=""9781594039836""",0,3.00,Encounter Books,Hardcover,464,2018,2018,,2018/07/24,to-read,to-read (#6),to-read,,,,0,,,0,,,,,
23878688,The 5 Love Languages: The Secret to Love that Lasts,Gary Chapman,"Chapman, Gary",,"=""""","=""""",5,4.24,Northfield Publishing,Kindle Edition,209,2014,1990,,2018/07/24,,,read,,,,1,,,0,,,,,
12828071,The Anatomy of Story: 22 Steps to Becoming a Master Storyteller,John Truby,"Truby, John",,"=""""","=""""",0,4.27,Faber & Faber,Kindle Edition,461,2008,2007,,2018/06/21,"shelved, to-read","shelved (#2), to-read (#5)",to-read,,,,0,,,0,,,,,
14497,"Neverwhere (London Below, #1)",Neil Gaiman,"Gaiman, Neil",,"=""0060557818""","=""9780060557812""",0,4.18,William Morrow Paperbacks,Paperback,370,2003,1996,,2018/07/24,to-read,to-read (#4),to-read,,,,0,,,0,,,,,
6184241,Everything Matters!,Ron Currie Jr.,"Jr., Ron Currie",,"=""0670020923""","=""9780670020928""",4,4.05,Viking Adult,Hardcover,320,2009,2009,,2018/07/24,,,read,,,,1,,,0,,,,,
11590,'Salem's Lot,Stephen King,"King, Stephen",,"=""0450031063""","=""9780450031069""",4,4.01,New English Library,Paperback,483,1991,1975,,2018/07/24,,,read,,,,1,,,0,,,,,
144791,"Seven Deadly Wonders (Jack West Jr, #1)",Matthew Reilly,"Reilly, Matthew",,"=""1416505067""","=""9781416505068""",3,4.08,Pocket Books,Mass Market Paperback,544,2006,2005,,2018/07/24,,,read,,,,1,,,0,,,,,
34928122,Artemis,Andy Weir,"Weir, Andy",,"=""0553448129""","=""9780553448122""",4,3.67,Crown,Hardcover,305,2017,2017,,2018/07/24,,,read,,,,1,,,0,,,,,
944076,"Last Argument of Kings (The First Law, #3)",Joe Abercrombie,"Abercrombie, Joe",,"=""0575077905""","=""9780575077904""",5,4.28,Gollancz,Trade Paperback,536,2008,2008,,2018/07/24,,,read,,,,1,,,0,,,,,
902715,"Before They Are Hanged (The First Law, #2)",Joe Abercrombie,"Abercrombie, Joe",,"=""0575077883""","=""9780575077881""",4,4.29,Gollancz,Trade Paperback,441,2007,2007,,2018/07/24,,,read,,,,1,,,0,,,,,
13521459,"Red Country (First Law World, #6)",Joe Abercrombie,"Abercrombie, Joe",,"=""0316214442""","=""9780316214445""",4,4.29,Orbit,ebook,469,2012,2012,,2018/07/24,,,read,,,,1,,,0,,,,,
9300768,"The Heroes (First Law World, #5)",Joe Abercrombie,"Abercrombie, Joe",,"=""0316123358""","=""9780316123358""",3,4.29,Orbit,ebook,581,2011,2011,,2018/07/24,,,read,,,,1,,,0,,,,,
2315892,Best Served Cold,Joe Abercrombie,"Abercrombie, Joe",,"=""0575082453""","=""9780575082458""",4,4.18,Gollancz,Hardcover,534,2009,2009,,2018/07/24,,,read,,,,1,,,0,,,,,
26030742,"Sharp Ends (First Law World, #7)",Joe Abercrombie,"Abercrombie, Joe",,"=""031639081X""","=""9780316390811""",4,4.16,Orbit,Hardcover,304,2016,2016,,2018/07/24,,,read,,,,1,,,0,,,,,
18966806,"Morning Star (Red Rising, #3)",Pierce Brown,"Brown, Pierce",,"=""0345539842""","=""9780345539847""",4,4.49,Del Rey,Hardcover,524,2016,2016,,2018/07/24,,,read,,,,1,,,0,,,,,
9597,Player Piano,Kurt Vonnegut,"Vonnegut, Kurt",,"=""0385333781""","=""9780385333788""",3,3.87,Dial Press,Paperback,341,2006,1952,,2018/07/24,,,read,,,,1,,,0,,,,,
35128447,Infinite,Jeremy Robinson,"Robinson, Jeremy",,"=""""","=""""",5,3.97,Breakneck Media,Kindle Edition,400,2017,2017,,2018/07/24,,,read,,,,1,,,0,,,,,
25499718,Children of Time (Children of Time #1),Adrian Tchaikovsky,"Tchaikovsky, Adrian",,"=""1447273281""","=""9781447273288""",5,4.30,PanMacmillan,Hardcover,600,2015,2015,,2018/07/24,,,read,,,,1,,,0,,,,,
21155517,Nickel Fictions: 50 Exceedingly Brief Stories,Bob Thurber,"Thurber, Bob",,"=""""","=""""",0,3.62,,Kindle Edition,85,2013,2011,,2018/07/15,"to-read, shelved","to-read (#3), shelved (#1)",to-read,,,,0,,,0,,,,,
21425079,"Golden Son (Red Rising, #2)",Pierce Brown,"Brown, Pierce",,"=""""","=""""",4,4.45,Del Rey,Kindle Edition,465,2015,2015,2018/06/21,2018/06/05,,,read,,,,1,,,0,,,,,
18046624,"Red Rising (Red Rising, #1)",Pierce Brown,"Brown, Pierce",,"=""""","=""""",5,4.27,Del Rey,Kindle Edition,400,2014,2014,2018/06/05,2018/06/01,,,read,,,,1,,,0,,,,,
13496,"A Game of Thrones (A Song of Ice and Fire, #1)",George R.R. Martin,"Martin, George R.R.",,"=""0553588486""","=""9780553588484""",5,4.45,Bantam,Mass Market Paperback,848,2005,1996,,2013/09/17,,,read,,,,1,,,0,,,,,
6605316,"Mistborn: The Final Empire (Mistborn, #1)",Brandon Sanderson,"Sanderson, Brandon",,"=""""","=""""",0,4.45,Tor Books,Kindle Edition,676,2010,2006,,2017/12/04,to-read,to-read (#2),to-read,,,,0,,,0,,,,,
2429135,"The Girl with the Dragon Tattoo (Millennium, #1)",Stieg Larsson,"Larsson, Stieg",Reg Keeland,"=""""","=""""",4,4.13,Knopf,Hardcover,465,2008,2005,,2013/09/17,,,read,,,,1,,,0,,,,,
22557272,The Girl on the Train,Paula Hawkins,"Hawkins, Paula",,"=""""","=""""",4,3.91,Riverhead Books,Hardcover,323,2015,2015,,2017/11/14,,,read,,,,1,,,0,,,,,
5907,The Hobbit or There and Back Again,J.R.R. Tolkien,"Tolkien, J.R.R.",,"=""0618260307""","=""9780618260300""",2,4.27,Houghton Mifflin,Paperback,366,2002,1937,,2013/09/17,,,read,,,,1,,,0,,,,,
35533631,"The Hitchhiker's Guide to the Galaxy (Hitchhiker's Guide, #1)",Douglas Adams,"Adams, Douglas",,"=""""","=""""",5,4.22,Del Rey,Kindle Edition,179,2007,1979,,2017/12/04,,,read,,,,1,,,0,,,,,
20562717,"The Name of the Wind (The Kingkiller Chronicle, #1)",Patrick Rothfuss,"Rothfuss, Patrick",,"=""""","=""""",5,4.54,DAW,Kindle Edition,676,2007,2007,,2017/12/04,,,read,,,,1,,,0,,,,,
26019071,"The Blade Itself (The First Law, #1)",Joe Abercrombie,"Abercrombie, Joe",,"=""""","=""""",4,4.16,Orbit,Kindle Edition,544,2015,2006,2017/12/04,2017/11/14,,,read,,,,1,,,0,,,,,
28094574,It,Stephen King,"King, Stephen",,"=""""","=""""",5,4.23,Scribner,Kindle Edition,1169,2016,1986,,2017/12/04,,,read,,,,1,,,0,,,,,
4671,The Great Gatsby,F. Scott Fitzgerald,"Fitzgerald, F. Scott",,"=""""","=""""",4,3.91,Scribner,Paperback,180,2004,1925,,2013/09/17,,,read,,,,1,,,0,,,,,
375802,"Ender's Game (Ender's Saga, #1)",Orson Scott Card,"Card, Orson Scott",,"=""0812550706""","=""9780812550702""",5,4.30,TOR,Mass Market Paperback,324,1994,1985,,2013/09/17,,,read,,,,1,,,0,,,,,
5996629,"Foundation (Foundation, #1)",Isaac Asimov,"Asimov, Isaac",,"=""""","=""""",0,4.16,Spectra,Kindle Edition,320,2004,1951,,2017/12/04,to-read,to-read (#1),to-read,,,,0,,,0,,,,,
2767052,"The Hunger Games (The Hunger Games, #1)",Suzanne Collins,"Collins, Suzanne",,"=""0439023483""","=""9780439023481""",4,4.33,Scholastic Press,Hardcover,374,2008,2008,,2013/09/17,,,read,,,,1,,,0,,,,,
18337259,A Game of Thrones #1,Daniel Abraham,"Abraham, Daniel","George R.R. Martin, Tommy Patterson","=""""","=""9780345536150""",5,4.66,Bantam,ebook,32,2011,2011,,2017/11/14,,,read,,,,1,,,0,,,,,
2890090,"The Republic of Thieves (Gentleman Bastard, #3)",Scott Lynch,"Lynch, Scott",,"=""0553804693""","=""9780553804690""",4,4.23,Del Rey,Hardcover,650,2013,2013,,2017/11/14,,,read,,,,1,,,0,,,,,
19105890,The Lies of Locke Lamora / Red Seas Under Red Skies (Gentleman Bastard #1-2),Scott Lynch,"Lynch, Scott",,"=""""","=""""",3,4.45,Gollancz,Kindle Edition,,2013,2013,,2017/11/14,,,read,,,,1,,,0,,,,,
127455,"The Lies of Locke Lamora (Gentleman Bastard, #1)",Scott Lynch,"Lynch, Scott",,"=""0553804677""","=""9780553804676""",5,4.30,Bantam Spectra,Hardcover,499,2006,2006,,2017/11/14,,,read,,,,1,,,0,,,,,
18007564,The Martian,Andy Weir,"Weir, Andy",,"=""0804139024""","=""9780804139021""",5,4.40,Crown,Hardcover,369,2014,2012,,2017/11/14,,,read,,,,1,,,0,,,,,
30165203,"American Gods (American Gods, #1)",Neil Gaiman,"Gaiman, Neil",,"=""""","=""""",4,4.11,William Morrow,Kindle Edition,635,2011,2001,,2017/11/14,,,read,,,,1,,,0,,,,,
25526965,"End of Watch (Bill Hodges Trilogy, #3)",Stephen King,"King, Stephen",,"=""1501129740""","=""9781501129742""",3,4.08,Scribner,Hardcover,432,2016,2016,,2017/11/14,,,read,,,,1,,,0,,,,,
23492589,"Finders Keepers (Bill Hodges Trilogy, #2)",Stephen King,"King, Stephen",,"=""1501100076""","=""9781501100079""",3,4.04,Scribner,Hardcover,434,2015,2015,,2017/11/14,,,read,,,,1,,,0,,,,,
18775247,"Mr. Mercedes (Bill Hodges Trilogy, #1)",Stephen King,"King, Stephen",,"=""1476754454""","=""9781476754451""",5,3.95,Scribner,Hardcover,437,2014,2014,,2017/11/14,,,read,,,,1,,,0,,,,,
21611,"The Forever War (The Forever War, #1)",Joe Haldeman,"Haldeman, Joe",,"=""0060510862""","=""9780060510862""",5,4.15,Voyager,Paperback,278,2003,1974,,2017/11/14,,,read,,,,1,,,0,,,,,
22816087,Seveneves,Neal Stephenson,"Stephenson, Neal",,"=""""","=""""",5,3.99,William Morrow,Kindle Edition,880,2015,2015,,2017/11/14,,,read,,,,1,,,0,,,,,
9460487,"Miss Peregrine's Home for Peculiar Children (Miss Peregrine's Peculiar Children, #1)",Ransom Riggs,"Riggs, Ransom",,"=""""","=""""",3,3.91,Quirk,Hardcover,352,2011,2011,,2017/11/14,,,read,,,,1,,,0,,,,,
27833670,Dark Matter,Blake Crouch,"Crouch, Blake",,"=""1101904224""","=""9781101904220""",5,4.10,Crown,Hardcover,342,2016,2016,,2017/11/14,,,read,,,,1,,,0,,,,,
17571466,The Troop,Nick Cutter,"Cutter, Nick",,"=""1476717710""","=""9781476717715""",3,3.74,Gallery Books,Hardcover,358,2014,2014,,2017/11/14,,,read,,,,1,,,0,,,,,
18302455,The Circle,Dave Eggers,"Eggers, Dave",,"=""0385351399""","=""9780385351393""",4,3.43,Knopf,Hardcover,493,2013,2013,,2017/11/14,,,read,,,,1,,,0,,,,,
19486412,Big Little Lies,Liane Moriarty,"Moriarty, Liane",,"=""0399167064""","=""9780399167065""",4,4.26,Berkley,Hardcover,460,2014,2014,,2017/11/14,,,read,,,,1,,,0,,,,,
9969571,"Ready Player One (Ready Player One, #1)",Ernest Cline,"Cline, Ernest",,"=""030788743X""","=""9780307887436""",4,4.28,Crown Publishers,Hardcover,374,2011,2011,,2017/11/14,,,read,,,,1,,,0,,,,,
2118745,"The Knife of Never Letting Go (Chaos Walking, #1)",Patrick Ness,"Ness, Patrick",,"=""1406310255""","=""9781406310252""",2,3.97,Walker,Hardcover,479,2008,2008,,2017/11/14,,,read,,,,1,,,0,,,,,
15704486,"Calamity (The Reckoners, #3)",Brandon Sanderson,"Sanderson, Brandon",,"=""0385743602""","=""9780385743600""",4,4.19,Delacorte Press,Hardcover,417,2016,2016,,2017/11/14,,,read,,,,1,,,0,,,,,
15704459,"Firefight (The Reckoners, #2)",Brandon Sanderson,"Sanderson, Brandon",,"=""0385743580""","=""9780385743587""",4,4.28,Delacorte Press,Hardcover,416,2015,2015,,2017/11/14,,,read,,,,1,,,0,,,,,
17182126,"Steelheart (The Reckoners, #1)",Brandon Sanderson,"Sanderson, Brandon",,"=""0385743564""","=""9780385743563""",5,4.16,Delacorte Press,Hardcover,386,2013,2013,,2017/11/14,,,read,,,,1,,,0,,,,,
472331,Watchmen (Watchmen #1-12),Alan Moore,"Moore, Alan","Dave Gibbons, John Higgins","=""0930289234""","=""9780930289232""",4,4.36,DC Comics,Paperback,416,2005,1987,,2013/09/17,,,read,,,,1,,,0,,,,,
4981,Slaughterhouse-Five,Kurt Vonnegut,"Vonnegut, Kurt",,"=""0385333846""","=""9780385333849""",5,4.07,Dial Press,Paperback,275,1999,1969,,2013/09/17,,,read,,,,1,,,0,,,,,
6779,"Six Not-So-Easy Pieces: Einstein's Relativity, Symmetry, and Space-Time",Richard P. Feynman,"Feynman, Richard P.",Roger Penrose,"=""0465023932""","=""9780465023936""",4,4.22,Basic Books,Paperback,184,2005,1963,,2013/09/17,,,read,,,,1,,,0,,,,,
2095,The Universe in a Nutshell,Stephen Hawking,"Hawking, Stephen",,"=""055380202X""","=""9780553802023""",4,4.15,Bantam,Hardcover,216,2001,2001,,2013/09/17,,,read,,,,1,,,0,,,,,
771,"The Elegant Universe: Superstrings, Hidden Dimensions, and the Quest for the Ultimate Theory",Brian Greene,"Greene, Brian",,"=""0375708111""","=""9780375708114""",4,4.07,Vintage Books USA,Paperback,425,2004,1999,,2013/09/17,,,read,,,,1,,,0,,,,,
10644930,11/22/63,Stephen King,"King, Stephen",,"=""1451627289""","=""9781451627282""",5,4.31,Scribner,Hardcover,849,2011,2011,,2013/09/17,,,read,,,,1,,,0,,,,,
7108001,"Abraham Lincoln: Vampire Hunter (Abraham Lincoln: Vampire Hunter, #1)",Seth Grahame-Smith,"Grahame-Smith, Seth",,"=""0446563080""","=""9780446563086""",4,3.70,Grand Central Publishing,Hardcover,336,2010,2010,,2013/09/17,,,read,,,,1,,,0,,,,,
168668,"Catch-22 (Catch-22, #1)",Joseph Heller,"Heller, Joseph",,"=""0684833395""","=""9780684833392""",3,3.98,Simon & Schuster ,Paperback,453,2004,1961,,2013/09/17,,,read,,,,1,,,0,,,,,
1166599,"The Gathering Storm (Wheel of Time, #12)",Robert Jordan,"Jordan, Robert",Brandon Sanderson,"=""0765302306""","=""9780765302304""",4,4.37,Tor Books,Hardcover,783,2009,2009,,2013/09/17,,,read,,,,1,,,0,,,,,
228665,"The Eye of the World (The Wheel of Time, #1)",Robert Jordan,"Jordan, Robert",,"=""0812511816""","=""9780812511819""",4,4.19,Tor Books,Mass Market Paperback,814,1990,1990,,2013/09/17,,,read,,,,1,,,0,,,,,
233649,"The Great Hunt (The Wheel of Time, #2)",Robert Jordan,"Jordan, Robert",,"=""0812517725""","=""9780812517729""",4,4.23,Tor Books,Mass Market Paperback,705,1991,1990,,2013/09/17,,,read,,,,1,,,0,,,,,
8253920,"Towers of Midnight (Wheel of Time, #13)",Robert Jordan,"Jordan, Robert",Brandon Sanderson,"=""0765325942""","=""9780765325945""",4,4.43,Tom Doherty Associates TOR Fantasy,Hardcover,863,2010,2010,,2013/09/17,,,read,,,,1,,,0,,,,,
